
INSERT INTO FOLDER (ID, FOLDERNAME) VALUES ('161582c0-b19e-40cc-9d44-95e129c96be4', 'Funny');

INSERT INTO MEDIA_ITEM (ID,FILETYPE,PUBLICATION_DATE,SOURCE,TITLE,FOLDER_ID) VALUES ('8ed4cad8-08b9-44e7-8344-e6761fec347a', '.jpg', '2020-02-25', 'Funny/1567367644000.jpg', 'Funny-file-0', '161582c0-b19e-40cc-9d44-95e129c96be4');

INSERT INTO FOLDER_MEDIA_ITEM_LIST (FOLDER_ID,MEDIA_ITEM_LIST_ID) VALUES ('161582c0-b19e-40cc-9d44-95e129c96be4', '8ed4cad8-08b9-44e7-8344-e6761fec347a');

INSERT INTO TAG (ID,SEARCH_STRING) VALUES ('8ed4cad8-08b9-44e7-8344-e6761fec347a', 'funny-file-0; funny; ');

INSERT INTO MEDIA_ITEM (ID,FILETYPE,PUBLICATION_DATE,SOURCE,TITLE,FOLDER_ID) VALUES ('6a4ef245-da4e-491d-ae1b-b7525ba63c15', '.jpg', '2020-02-25', 'Funny/1567369237000.jpg', 'Funny-file-1', '161582c0-b19e-40cc-9d44-95e129c96be4');

INSERT INTO FOLDER_MEDIA_ITEM_LIST (FOLDER_ID,MEDIA_ITEM_LIST_ID) VALUES ('161582c0-b19e-40cc-9d44-95e129c96be4', '6a4ef245-da4e-491d-ae1b-b7525ba63c15');

INSERT INTO TAG (ID,SEARCH_STRING) VALUES ('6a4ef245-da4e-491d-ae1b-b7525ba63c15', 'funny-file-1; funny; ');

INSERT INTO MEDIA_ITEM (ID,FILETYPE,PUBLICATION_DATE,SOURCE,TITLE,FOLDER_ID) VALUES ('1c25db38-a3cf-44e6-9a2b-6e1048ddc345', '.mp4', '2020-02-25', 'Funny/AAAAH.mp4', 'Funny-file-2', '161582c0-b19e-40cc-9d44-95e129c96be4');

INSERT INTO FOLDER_MEDIA_ITEM_LIST (FOLDER_ID,MEDIA_ITEM_LIST_ID) VALUES ('161582c0-b19e-40cc-9d44-95e129c96be4', '1c25db38-a3cf-44e6-9a2b-6e1048ddc345');

INSERT INTO TAG (ID,SEARCH_STRING) VALUES ('1c25db38-a3cf-44e6-9a2b-6e1048ddc345', 'funny-file-2; funny; ');

INSERT INTO MEDIA_ITEM (ID,FILETYPE,PUBLICATION_DATE,SOURCE,TITLE,FOLDER_ID) VALUES ('4a345444-51cc-42ea-a9c3-0c4a936c13b5', '.jpg', '2020-02-25', 'Funny/A-Cate-riding-a-Water-Horn.jpg', 'Funny-file-3', '161582c0-b19e-40cc-9d44-95e129c96be4');

INSERT INTO FOLDER_MEDIA_ITEM_LIST (FOLDER_ID,MEDIA_ITEM_LIST_ID) VALUES ('161582c0-b19e-40cc-9d44-95e129c96be4', '4a345444-51cc-42ea-a9c3-0c4a936c13b5');

INSERT INTO TAG (ID,SEARCH_STRING) VALUES ('4a345444-51cc-42ea-a9c3-0c4a936c13b5', 'funny-file-3; funny; ');

INSERT INTO MEDIA_ITEM (ID,FILETYPE,PUBLICATION_DATE,SOURCE,TITLE,FOLDER_ID) VALUES ('bf4ba8a6-92c9-4b0f-8e32-67e7054f40c9', '.jpg', '2020-02-25', 'Funny/Accurate_2.jpg', 'Funny-file-4', '161582c0-b19e-40cc-9d44-95e129c96be4');

INSERT INTO FOLDER_MEDIA_ITEM_LIST (FOLDER_ID,MEDIA_ITEM_LIST_ID) VALUES ('161582c0-b19e-40cc-9d44-95e129c96be4', 'bf4ba8a6-92c9-4b0f-8e32-67e7054f40c9');

INSERT INTO TAG (ID,SEARCH_STRING) VALUES ('bf4ba8a6-92c9-4b0f-8e32-67e7054f40c9', 'funny-file-4; funny; ');

INSERT INTO FOLDER (ID, FOLDERNAME) VALUES ('74e4810e-3f60-4781-b1d2-7206e32d1453', 'School');

INSERT INTO MEDIA_ITEM (ID,FILETYPE,PUBLICATION_DATE,SOURCE,TITLE,FOLDER_ID) VALUES ('ebc99251-21de-40f2-a8e8-cfa797299784', '.jpg', '2020-02-25', 'Funny/1567367644000.jpg', 'School-file-0', '74e4810e-3f60-4781-b1d2-7206e32d1453');

INSERT INTO FOLDER_MEDIA_ITEM_LIST (FOLDER_ID,MEDIA_ITEM_LIST_ID) VALUES ('74e4810e-3f60-4781-b1d2-7206e32d1453', 'ebc99251-21de-40f2-a8e8-cfa797299784');

INSERT INTO TAG (ID,SEARCH_STRING) VALUES ('ebc99251-21de-40f2-a8e8-cfa797299784', 'school-file-0; school; ');

INSERT INTO MEDIA_ITEM (ID,FILETYPE,PUBLICATION_DATE,SOURCE,TITLE,FOLDER_ID) VALUES ('a1f9d1e9-443a-40f9-80e1-5f0773902ffe', '.jpg', '2020-02-25', 'Funny/1567369237000.jpg', 'School-file-1', '74e4810e-3f60-4781-b1d2-7206e32d1453');

INSERT INTO FOLDER_MEDIA_ITEM_LIST (FOLDER_ID,MEDIA_ITEM_LIST_ID) VALUES ('74e4810e-3f60-4781-b1d2-7206e32d1453', 'a1f9d1e9-443a-40f9-80e1-5f0773902ffe');

INSERT INTO TAG (ID,SEARCH_STRING) VALUES ('a1f9d1e9-443a-40f9-80e1-5f0773902ffe', 'school-file-1; school; ');

INSERT INTO MEDIA_ITEM (ID,FILETYPE,PUBLICATION_DATE,SOURCE,TITLE,FOLDER_ID) VALUES ('94c215a5-f40f-4adc-804f-8df55c502464', '.mp4', '2020-02-25', 'Funny/AAAAH.mp4', 'School-file-2', '74e4810e-3f60-4781-b1d2-7206e32d1453');

INSERT INTO FOLDER_MEDIA_ITEM_LIST (FOLDER_ID,MEDIA_ITEM_LIST_ID) VALUES ('74e4810e-3f60-4781-b1d2-7206e32d1453', '94c215a5-f40f-4adc-804f-8df55c502464');

INSERT INTO TAG (ID,SEARCH_STRING) VALUES ('94c215a5-f40f-4adc-804f-8df55c502464', 'school-file-2; school; ');

INSERT INTO MEDIA_ITEM (ID,FILETYPE,PUBLICATION_DATE,SOURCE,TITLE,FOLDER_ID) VALUES ('b416eaa0-b5c6-4e64-8aa7-19ca857f8f0a', '.jpg', '2020-02-25', 'Funny/A-Cate-riding-a-Water-Horn.jpg', 'School-file-3', '74e4810e-3f60-4781-b1d2-7206e32d1453');

INSERT INTO FOLDER_MEDIA_ITEM_LIST (FOLDER_ID,MEDIA_ITEM_LIST_ID) VALUES ('74e4810e-3f60-4781-b1d2-7206e32d1453', 'b416eaa0-b5c6-4e64-8aa7-19ca857f8f0a');

INSERT INTO TAG (ID,SEARCH_STRING) VALUES ('b416eaa0-b5c6-4e64-8aa7-19ca857f8f0a', 'school-file-3; school; ');

INSERT INTO MEDIA_ITEM (ID,FILETYPE,PUBLICATION_DATE,SOURCE,TITLE,FOLDER_ID) VALUES ('5f3dcbeb-0a1a-40b8-b6c3-10423e48dcbf', '.jpg', '2020-02-25', 'Funny/Accurate_2.jpg', 'School-file-4', '74e4810e-3f60-4781-b1d2-7206e32d1453');

INSERT INTO FOLDER_MEDIA_ITEM_LIST (FOLDER_ID,MEDIA_ITEM_LIST_ID) VALUES ('74e4810e-3f60-4781-b1d2-7206e32d1453', '5f3dcbeb-0a1a-40b8-b6c3-10423e48dcbf');

INSERT INTO TAG (ID,SEARCH_STRING) VALUES ('5f3dcbeb-0a1a-40b8-b6c3-10423e48dcbf', 'school-file-4; school; ');

INSERT INTO FOLDER (ID, FOLDERNAME) VALUES ('a5bef427-e7e4-45d5-876b-4b7d6ae644c6', 'Zuyd');

INSERT INTO MEDIA_ITEM (ID,FILETYPE,PUBLICATION_DATE,SOURCE,TITLE,FOLDER_ID) VALUES ('c21b5ef5-13e7-401d-8aec-44013de01c7b', '.jpg', '2020-02-25', 'Funny/1567367644000.jpg', 'Zuyd-file-0', 'a5bef427-e7e4-45d5-876b-4b7d6ae644c6');

INSERT INTO FOLDER_MEDIA_ITEM_LIST (FOLDER_ID,MEDIA_ITEM_LIST_ID) VALUES ('a5bef427-e7e4-45d5-876b-4b7d6ae644c6', 'c21b5ef5-13e7-401d-8aec-44013de01c7b');

INSERT INTO TAG (ID,SEARCH_STRING) VALUES ('c21b5ef5-13e7-401d-8aec-44013de01c7b', 'zuyd-file-0; zuyd; ');

INSERT INTO MEDIA_ITEM (ID,FILETYPE,PUBLICATION_DATE,SOURCE,TITLE,FOLDER_ID) VALUES ('f2baec3a-81e4-4aa4-805f-45b06b7f49ea', '.jpg', '2020-02-25', 'Funny/1567369237000.jpg', 'Zuyd-file-1', 'a5bef427-e7e4-45d5-876b-4b7d6ae644c6');

INSERT INTO FOLDER_MEDIA_ITEM_LIST (FOLDER_ID,MEDIA_ITEM_LIST_ID) VALUES ('a5bef427-e7e4-45d5-876b-4b7d6ae644c6', 'f2baec3a-81e4-4aa4-805f-45b06b7f49ea');

INSERT INTO TAG (ID,SEARCH_STRING) VALUES ('f2baec3a-81e4-4aa4-805f-45b06b7f49ea', 'zuyd-file-1; zuyd; ');

INSERT INTO MEDIA_ITEM (ID,FILETYPE,PUBLICATION_DATE,SOURCE,TITLE,FOLDER_ID) VALUES ('38b3d33d-9536-4fd9-9803-32eba8240cb3', '.mp4', '2020-02-25', 'Funny/AAAAH.mp4', 'Zuyd-file-2', 'a5bef427-e7e4-45d5-876b-4b7d6ae644c6');

INSERT INTO FOLDER_MEDIA_ITEM_LIST (FOLDER_ID,MEDIA_ITEM_LIST_ID) VALUES ('a5bef427-e7e4-45d5-876b-4b7d6ae644c6', '38b3d33d-9536-4fd9-9803-32eba8240cb3');

INSERT INTO TAG (ID,SEARCH_STRING) VALUES ('38b3d33d-9536-4fd9-9803-32eba8240cb3', 'zuyd-file-2; zuyd; ');

INSERT INTO MEDIA_ITEM (ID,FILETYPE,PUBLICATION_DATE,SOURCE,TITLE,FOLDER_ID) VALUES ('adf1fdfe-2f73-483b-b485-36094a8f2f12', '.jpg', '2020-02-25', 'Funny/A-Cate-riding-a-Water-Horn.jpg', 'Zuyd-file-3', 'a5bef427-e7e4-45d5-876b-4b7d6ae644c6');

INSERT INTO FOLDER_MEDIA_ITEM_LIST (FOLDER_ID,MEDIA_ITEM_LIST_ID) VALUES ('a5bef427-e7e4-45d5-876b-4b7d6ae644c6', 'adf1fdfe-2f73-483b-b485-36094a8f2f12');

INSERT INTO TAG (ID,SEARCH_STRING) VALUES ('adf1fdfe-2f73-483b-b485-36094a8f2f12', 'zuyd-file-3; zuyd; ');

INSERT INTO MEDIA_ITEM (ID,FILETYPE,PUBLICATION_DATE,SOURCE,TITLE,FOLDER_ID) VALUES ('a36bf445-07e7-4f8e-bfed-28e0d0f6f7fa', '.jpg', '2020-02-25', 'Funny/Accurate_2.jpg', 'Zuyd-file-4', 'a5bef427-e7e4-45d5-876b-4b7d6ae644c6');

INSERT INTO FOLDER_MEDIA_ITEM_LIST (FOLDER_ID,MEDIA_ITEM_LIST_ID) VALUES ('a5bef427-e7e4-45d5-876b-4b7d6ae644c6', 'a36bf445-07e7-4f8e-bfed-28e0d0f6f7fa');

INSERT INTO TAG (ID,SEARCH_STRING) VALUES ('a36bf445-07e7-4f8e-bfed-28e0d0f6f7fa', 'zuyd-file-4; zuyd; ');

INSERT INTO FOLDER (ID, FOLDERNAME) VALUES ('9c3ca8fd-029d-4455-a774-9d41ffe4e984', 'Dank');

INSERT INTO MEDIA_ITEM (ID,FILETYPE,PUBLICATION_DATE,SOURCE,TITLE,FOLDER_ID) VALUES ('1b29c124-5d93-4140-bba1-3e2992758bb5', '.jpg', '2020-02-25', 'Funny/1567367644000.jpg', 'Dank-file-0', '9c3ca8fd-029d-4455-a774-9d41ffe4e984');

INSERT INTO FOLDER_MEDIA_ITEM_LIST (FOLDER_ID,MEDIA_ITEM_LIST_ID) VALUES ('9c3ca8fd-029d-4455-a774-9d41ffe4e984', '1b29c124-5d93-4140-bba1-3e2992758bb5');

INSERT INTO TAG (ID,SEARCH_STRING) VALUES ('1b29c124-5d93-4140-bba1-3e2992758bb5', 'dank-file-0; dank; ');

INSERT INTO MEDIA_ITEM (ID,FILETYPE,PUBLICATION_DATE,SOURCE,TITLE,FOLDER_ID) VALUES ('86e1f9e4-8216-4384-804c-3752743c9a6a', '.jpg', '2020-02-25', 'Funny/1567369237000.jpg', 'Dank-file-1', '9c3ca8fd-029d-4455-a774-9d41ffe4e984');

INSERT INTO FOLDER_MEDIA_ITEM_LIST (FOLDER_ID,MEDIA_ITEM_LIST_ID) VALUES ('9c3ca8fd-029d-4455-a774-9d41ffe4e984', '86e1f9e4-8216-4384-804c-3752743c9a6a');

INSERT INTO TAG (ID,SEARCH_STRING) VALUES ('86e1f9e4-8216-4384-804c-3752743c9a6a', 'dank-file-1; dank; ');

INSERT INTO MEDIA_ITEM (ID,FILETYPE,PUBLICATION_DATE,SOURCE,TITLE,FOLDER_ID) VALUES ('57c072b5-d623-4d88-b1de-8367bcbdfe2a', '.mp4', '2020-02-25', 'Funny/AAAAH.mp4', 'Dank-file-2', '9c3ca8fd-029d-4455-a774-9d41ffe4e984');

INSERT INTO FOLDER_MEDIA_ITEM_LIST (FOLDER_ID,MEDIA_ITEM_LIST_ID) VALUES ('9c3ca8fd-029d-4455-a774-9d41ffe4e984', '57c072b5-d623-4d88-b1de-8367bcbdfe2a');

INSERT INTO TAG (ID,SEARCH_STRING) VALUES ('57c072b5-d623-4d88-b1de-8367bcbdfe2a', 'dank-file-2; dank; ');

INSERT INTO MEDIA_ITEM (ID,FILETYPE,PUBLICATION_DATE,SOURCE,TITLE,FOLDER_ID) VALUES ('fea5fc5b-c932-4e1d-967b-a5f6a130d1be', '.jpg', '2020-02-25', 'Funny/A-Cate-riding-a-Water-Horn.jpg', 'Dank-file-3', '9c3ca8fd-029d-4455-a774-9d41ffe4e984');

INSERT INTO FOLDER_MEDIA_ITEM_LIST (FOLDER_ID,MEDIA_ITEM_LIST_ID) VALUES ('9c3ca8fd-029d-4455-a774-9d41ffe4e984', 'fea5fc5b-c932-4e1d-967b-a5f6a130d1be');

INSERT INTO TAG (ID,SEARCH_STRING) VALUES ('fea5fc5b-c932-4e1d-967b-a5f6a130d1be', 'dank-file-3; dank; ');

INSERT INTO MEDIA_ITEM (ID,FILETYPE,PUBLICATION_DATE,SOURCE,TITLE,FOLDER_ID) VALUES ('954aeadb-cc3f-4686-a1eb-bd80c8f0e1dc', '.jpg', '2020-02-25', 'Funny/Accurate_2.jpg', 'Dank-file-4', '9c3ca8fd-029d-4455-a774-9d41ffe4e984');

INSERT INTO FOLDER_MEDIA_ITEM_LIST (FOLDER_ID,MEDIA_ITEM_LIST_ID) VALUES ('9c3ca8fd-029d-4455-a774-9d41ffe4e984', '954aeadb-cc3f-4686-a1eb-bd80c8f0e1dc');

INSERT INTO TAG (ID,SEARCH_STRING) VALUES ('954aeadb-cc3f-4686-a1eb-bd80c8f0e1dc', 'dank-file-4; dank; ');
